epoch,train_loss,PLCC,SRCC,KRCC,RMSE,PLCC_raw,RMSE_raw,lr,epoch_time_sec
1,1.3808134675271897,0.4468218034136553,0.4238542772044075,0.2970057058788365,12.9506354172488294,0.4468218034136553,12.9506354172488294,0.0010000000000000,41.5877308783384763
2,1.3730851234423309,0.4500479922522113,0.4291537815456657,0.2997522738008786,12.8727755467368237,0.4500479922522113,12.8727755467368237,0.0010000000000000,41.7410427543696159
3,1.3520334103125884,0.4560418058594637,0.4347275199312002,0.3045252524473498,12.8249649709842259,0.4560418058594637,12.8249649709842259,0.0010000000000000,41.9825793277338803
4,1.3508606602378030,0.4605187469561842,0.4399554786329374,0.3097159679915320,12.7143133551824992,0.4605187469561842,12.7143133551824992,0.0010000000000000,41.6739480314281536
5,1.3421622003884224,0.4619059729096526,0.4416424101993976,0.3164000523352728,12.7086649493946808,0.4619059729096526,12.7086649493946808,0.0010000000000000,42.3023935503562782
6,1.3299840988002789,0.4691314688001285,0.4478836344375225,0.3191209781347485,12.6420748441769870,0.4691314688001285,12.6420748441769870,0.0010000000000000,43.0403098255928924
7,1.3199682411096867,0.4711938773115414,0.4535744582853843,0.3249616869576000,12.5198971760231466,0.4711938773115414,12.5198971760231466,0.0010000000000000,42.8657768496980083
8,1.3025600498277770,0.4733856303247624,0.4547514259476437,0.3270220196892969,12.4852015607199398,0.4733856303247624,12.4852015607199398,0.0010000000000000,42.2938452083661360
9,1.2973555868320499,0.4767863948083993,0.4601280715054440,0.3320969952278841,12.5005067971601189,0.4767863948083993,12.5005067971601189,0.0010000000000000,42.4445894970361550
10,1.2874972841616736,0.4822824458112102,0.4634529038543865,0.3360287693624253,12.3686796521771551,0.4822824458112102,12.3686796521771551,0.0010000000000000,42.8934067331122222
11,1.2816791818507907,0.4854458167871025,0.4690192773928001,0.3430263581335169,12.3500489139407659,0.4854458167871025,12.3500489139407659,0.0010000000000000,42.9519995077773800
12,1.2627272571714598,0.4870441781917234,0.4719755784768384,0.3447112685830588,12.3026010875963543,0.4870441781917234,12.3026010875963543,0.0010000000000000,41.8546973536852178
13,1.2607577949606033,0.4907470196604148,0.4771548542490229,0.3516695686657405,12.1757861100420222,0.4907470196604148,12.1757861100420222,0.0010000000000000,42.3542048441559089
14,1.2437707683054300,0.4933335448063262,0.4804937224281814,0.3544246625072834,12.1585113198794339,0.4933335448063262,12.1585113198794339,0.0010000000000000,42.2167187418968766
15,1.2358231575049934,0.4973673533075312,0.4858490423770401,0.3564552329737045,11.9852972316666033,0.4973673533075312,11.9852972316666033,0.0010000000000000,42.1470134982216891
16,1.2228708181733234,0.4999952907484279,0.4885339283576411,0.3602809547557411,11.9531926061684892,0.4999952907484279,11.9531926061684892,0.0010000000000000,42.8559469829350661
17,1.2241189112778306,0.5046604139392192,0.4926542116944272,0.3639378257368068,11.9206029675798959,0.5046604139392192,11.9206029675798959,0.0010000000000000,42.6486424135304247
18,1.2110413781859422,0.5066278765020493,0.4931414370478017,0.3681330193455330,11.8120635146608688,0.5066278765020493,11.8120635146608688,0.0010000000000000,42.6284776494560234
19,1.1990851412325059,0.5079035760843533,0.4987849842139166,0.3734141641133316,11.7062713311803499,0.5079035760843533,11.7062713311803499,0.0010000000000000,43.3411950876662715
20,1.1954550357623543,0.5121345248240184,0.4995900608610174,0.3775032652236799,11.6274035656185113,0.5121345248240184,11.6274035656185113,0.0010000000000000,43.1511222455604866
21,1.1845993630340548,0.5143752914538748,0.5045376255155906,0.3786564542430252,11.5716140674273316,0.5143752914538748,11.5716140674273316,0.0010000000000000,42.5132182566332872
22,1.1667106246022081,0.5182060957369317,0.5078825529691550,0.3834030889658769,11.4628867867123674,0.5182060957369317,11.4628867867123674,0.0010000000000000,43.1719981625971982
23,1.1681218861419793,0.5194035295074517,0.5075787702512434,0.3859018986571704,11.4701508873006919,0.5194035295074517,11.4701508873006919,0.0010000000000000,43.1614220343718387
24,1.1579651135492752,0.5221978369047073,0.5119365431830855,0.3900717046640297,11.4063980955637501,0.5221978369047073,11.4063980955637501,0.0010000000000000,41.6461878798748941
25,1.1451218191545645,0.5254208053026792,0.5149299453684369,0.3931383792299289,11.2619924906739843,0.5254208053026792,11.2619924906739843,0.0010000000000000,41.7562202742697011
26,1.1433340320851773,0.5270418329373494,0.5172083380328901,0.3960775935485258,11.1746561136316451,0.5270418329373494,11.1746561136316451,0.0010000000000000,42.5072112898831946
27,1.1268756399026678,0.5282954914676140,0.5190134646824703,0.3990766695279885,11.1469313357107751,0.5282954914676140,11.1469313357107751,0.0010000000000000,42.3621458614955699
28,1.1170698767637770,0.5301184716832699,0.5241307950557982,0.4028851354473626,11.0755594482123865,0.5301184716832699,11.0755594482123865,0.0010000000000000,42.9027152748186538
29,1.1084742659404065,0.5345216404647064,0.5270041529215836,0.4069076577633579,11.0142710840969258,0.5345216404647064,11.0142710840969258,0.0010000000000000,41.4855152721955704
30,1.1072504280094482,0.5363507376912552,0.5261986975946787,0.4097408657610124,10.9019179701104267,0.5363507376912552,10.9019179701104267,0.0010000000000000,41.5696337625581478
31,1.0980419153988301,0.5374004613737393,0.5322839151244512,0.4126347530427841,10.8134407500887875,0.5374004613737393,10.8134407500887875,0.0010000000000000,42.4240581543858895
32,1.0914404349296190,0.5411771293337478,0.5316399613263707,0.4156401900541132,10.7342517319330941,0.5411771293337478,10.7342517319330941,0.0010000000000000,41.6505569447277679
33,1.0759795421926466,0.5452038695229561,0.5351870274387812,0.4190356875498092,10.6364045975983643,0.5452038695229561,10.6364045975983643,0.0010000000000000,42.8618786183365827
34,1.0769282248452849,0.5478437502850164,0.5398369225621883,0.4230669619520189,10.5813486863784050,0.5478437502850164,10.5813486863784050,0.0010000000000000,42.7079872214898799
35,1.0627923043345489,0.5467605248719256,0.5401296737518371,0.4239847566238633,10.6123683405272544,0.5467605248719256,10.6123683405272544,0.0010000000000000,41.5970678561595903
36,1.0522469694644931,0.5506172373872151,0.5429348067237280,0.4290565995444858,10.5481250688675399,0.5506172373872151,10.5481250688675399,0.0010000000000000,42.6386959374660179
37,1.0479051680135514,0.5525261403908757,0.5443538284488449,0.4318253475702304,10.4346291873388068,0.5525261403908757,10.4346291873388068,0.0010000000000000,42.5411043308072507
38,1.0399845523494795,0.5561080491688944,0.5466190065079981,0.4326527792206356,10.4059096082948468,0.5561080491688944,10.4059096082948468,0.0010000000000000,42.6200607647161647
39,1.0276798697628100,0.5569673195519479,0.5494068067633947,0.4356830598789226,10.3251435482811047,0.5569673195519479,10.3251435482811047,0.0010000000000000,43.0334525241127537
40,1.0209951608186656,0.5596845878749084,0.5553875048028986,0.4383162012447638,10.2611180495166501,0.5596845878749084,10.2611180495166501,0.0010000000000000,41.5541843185889803
41,1.0156543904823228,0.5649392920556762,0.5567042785895298,0.4393670046236274,10.2175920983911741,0.5649392920556762,10.2175920983911741,0.0010000000000000,42.4266290397550563
42,1.0060072168273793,0.5649278556139897,0.5601354349519685,0.4424061017626559,10.1689378663321968,0.5649278556139897,10.1689378663321968,0.0010000000000000,42.1285898747645788
43,0.9966004949012310,0.5702675450450149,0.5643277858082735,0.4440083403672310,10.0535737348582188,0.5702675450450149,10.0535737348582188,0.0010000000000000,42.2829535225076469
44,0.9915664602197720,0.5723842530083052,0.5667926065295098,0.4477526249387011,9.9984118456019964,0.5723842530083052,9.9984118456019964,0.0010000000000000,43.1806255731403468
45,0.9911095508928321,0.5754292587164810,0.5687001383094313,0.4514377133776146,9.9340859241338464,0.5754292587164810,9.9340859241338464,0.0010000000000000,42.8098342116555131
46,0.9836962941207911,0.5778783528882919,0.5719386628618759,0.4518970021042473,9.9027958057688394,0.5778783528882919,9.9027958057688394,0.0010000000000000,42.1241622749964577
47,0.9680271899953711,0.5792130117012729,0.5734510158995206,0.4567616130308131,9.8712427114067793,0.5792130117012729,9.8712427114067793,0.0010000000000000,42.6211637882538668
48,0.9672700174626065,0.5831140474942069,0.5774336880909166,0.4598026417617873,9.8177435288886912,0.5831140474942069,9.8177435288886912,0.0010000000000000,42.1380589267254706
49,0.9577225794243387,0.5853029370044710,0.5786488937746553,0.4614917847759739,9.7998537395568288,0.5853029370044710,9.7998537395568288,0.0010000000000000,42.1951203827656940
50,0.9545784736285134,0.5850080612979799,0.5835328679941879,0.4617696131880035,9.8379277634691658,0.5850080612979799,9.8379277634691658,0.0010000000000000,42.7203132826453214
51,0.9496378276616972,0.5900735502248298,0.5883745345266992,0.4645885251850837,9.7124447554045759,0.5900735502248298,9.7124447554045759,0.0010000000000000,42.7349129321824250
52,0.9356591469018299,0.5939813484286040,0.5914550599309377,0.4701234032542599,9.6890804458928930,0.5939813484286040,9.6890804458928930,0.0010000000000000,43.3914275357656933
53,0.9281855807786495,0.5968883560284122,0.5946390621486474,0.4706904712636868,9.7064462264356965,0.5968883560284122,9.7064462264356965,0.0010000000000000,41.9731325451137849
54,0.9203382970681880,0.6000852195299372,0.5982314413053605,0.4748524828479321,9.7070500631715948,0.6000852195299372,9.7070500631715948,0.0010000000000000,43.4708633430723026
55,0.9121342279979384,0.6027442976604737,0.5993550091382045,0.4773712306213920,9.6753325147462146,0.6027442976604737,9.6753325147462146,0.0010000000000000,43.1258145501606123
56,0.9149790703162443,0.6023026207675397,0.6044200174686556,0.4802133951021657,9.6459192296904277,0.6023026207675397,9.6459192296904277,0.0010000000000000,42.2770577512570682
57,0.9013921778451174,0.6059450496761926,0.6063390061932545,0.4824789720014702,9.5421432613197528,0.6059450496761926,9.5421432613197528,0.0010000000000000,43.2574253361770289
58,0.8925389095893271,0.6110366735288500,0.6090130976741575,0.4857491053876848,9.5207899309911550,0.6110366735288500,9.5207899309911550,0.0010000000000000,42.1201062471060652
59,0.8935432142434817,0.6125759506501038,0.6147938934202525,0.4882340160633434,9.4739357785905458,0.6125759506501038,9.4739357785905458,0.0010000000000000,42.4712456865818453
60,0.8911387418740381,0.6143374261879655,0.6178478153741085,0.4875180068244330,9.4851966312934923,0.6143374261879655,9.4851966312934923,0.0010000000000000,42.0474680873423239
61,0.8819424556646113,0.6181540794628373,0.6195024300959605,0.4912443573701559,9.4751679189374816,0.6181540794628373,9.4751679189374816,0.0005000000000000,42.2602812634514251
62,0.8700195244683839,0.6226275206468226,0.6201085439992269,0.4944882410431853,9.4650351641483521,0.6226275206468226,9.4650351641483521,0.0005000000000000,42.9371053708069255
63,0.8696856383865718,0.6220015905367628,0.6245202828639438,0.4976335397562561,9.3906809135846885,0.6220015905367628,9.3906809135846885,0.0005000000000000,42.8307668535519284
64,0.8584245410525047,0.6256947591569134,0.6288351504231863,0.4988665973900169,9.3718811336087917,0.6256947591569134,9.3718811336087917,0.0005000000000000,43.1098878481464638
65,0.8534171004416031,0.6289180443171060,0.6292834218434852,0.5040537119372193,9.3752784417736272,0.6289180443171060,9.3752784417736272,0.0005000000000000,42.0737641314484847
66,0.8534076298616228,0.6321376196780684,0.6327165616465807,0.5029656290345063,9.2987213822041515,0.6321376196780684,9.2987213822041515,0.0005000000000000,42.6067888111013460
67,0.8417727166037515,0.6344781971791983,0.6367861187917676,0.5074121754414853,9.2592602406108053,0.6344781971791983,9.2592602406108053,0.0005000000000000,42.5001349498136634
68,0.8363863239434640,0.6359282487769691,0.6399184508670559,0.5086686865862293,9.2637084049907159,0.6359282487769691,9.2637084049907159,0.0005000000000000,43.0364813370003745
69,0.8324508582080761,0.6408404410541213,0.6424849371067144,0.5137115768330365,9.1958580411294477,0.6408404410541213,9.1958580411294477,0.0005000000000000,41.9776330863854952
70,0.8214455689927792,0.6422745366639984,0.6425755261715708,0.5171134806219262,9.1434069078604132,0.6422745366639984,9.1434069078604132,0.0005000000000000,41.3807593646414702
71,0.8182822281224197,0.6456459988021922,0.6446659117514157,0.5183875959314087,9.1283580014319874,0.6456459988021922,9.1283580014319874,0.0005000000000000,42.4361958729673105
72,0.8154865676753394,0.6483729219788087,0.6490911349524142,0.5195314545519365,9.1130992545874303,0.6483729219788087,9.1130992545874303,0.0005000000000000,41.2824447354243063
73,0.8040809859654666,0.6478687204239971,0.6502662058268389,0.5227942922784725,9.1254343302444099,0.6478687204239971,9.1254343302444099,0.0005000000000000,42.9712845126785083
74,0.8018554342147601,0.6539352046881703,0.6528815767682622,0.5268668823917952,9.0977200926180473,0.6539352046881703,9.0977200926180473,0.0005000000000000,42.6691326912610265
75,0.8015331600346923,0.6542572925955865,0.6550177289359957,0.5304878120248282,9.0080671228319193,0.6542572925955865,9.0080671228319193,0.0005000000000000,42.3145646201630896
76,0.7961108548645942,0.6554666985511306,0.6558847074822240,0.5308254712166759,8.9759894248710950,0.6554666985511306,8.9759894248710950,0.0005000000000000,42.5414496975756364
77,0.7890921287612574,0.6576561176235272,0.6582587311468782,0.5328054971984930,8.8894778449803926,0.6576561176235272,8.8894778449803926,0.0005000000000000,42.1383426011251601
78,0.7777702012270511,0.6591742943743137,0.6596035234265135,0.5360652447441319,8.8928075953873655,0.6591742943743137,8.8928075953873655,0.0005000000000000,41.7787251814090084
79,0.7776427078188078,0.6627892229876566,0.6606957329010895,0.5394309881248180,8.7873864437623315,0.6627892229876566,8.7873864437623315,0.0005000000000000,41.3281507812830498
80,0.7689118196410717,0.6653338033360868,0.6629617382100730,0.5438030236979606,8.8062429572920919,0.6653338033360868,8.8062429572920919,0.0005000000000000,42.8563955864867836
81,0.7631870125628382,0.6674339483174655,0.6635371745184466,0.5463760555044128,8.7794595533372970,0.6674339483174655,8.7794595533372970,0.0005000000000000,41.2589947283604914
82,0.7584505281801109,0.6686376542760599,0.6657714550625846,0.5464060152879624,8.6410386172114872,0.6686376542760599,8.6410386172114872,0.0005000000000000,42.6197317730952747
83,0.7534991970900297,0.6706833227982754,0.6663481073016720,0.5496756468378368,8.5832833083466564,0.6706833227982754,8.5832833083466564,0.0005000000000000,41.3568702947350388
84,0.7487713738936655,0.6697558931650007,0.6688772464662873,0.5521394429671820,8.5792226501235636,0.6697558931650007,8.5792226501235636,0.0005000000000000,41.5687581597059577
85,0.7384276554953692,0.6731172768820735,0.6682918840609191,0.5532375443945002,8.5044019708493988,0.6731172768820735,8.5044019708493988,0.0005000000000000,42.5336595539258298
86,0.7356278870909482,0.6743530118846320,0.6721394643794782,0.5584832271713019,8.5057080340281281,0.6743530118846320,8.5057080340281281,0.0005000000000000,42.0052265416234079
87,0.7311461342860057,0.6765065027234025,0.6705104649065570,0.5618771059887597,8.3945586107427239,0.6765065027234025,8.3945586107427239,0.0005000000000000,41.6062221698644734
88,0.7309964860596643,0.6788274232166661,0.6743794780155359,0.5640395848176679,8.3230622108080947,0.6788274232166661,8.3230622108080947,0.0005000000000000,42.9077368699505683
89,0.7185597600416178,0.6799026798895930,0.6736260072447204,0.5648200460208639,8.2719342400676883,0.6799026798895930,8.2719342400676883,0.0005000000000000,41.8185011184980340
90,0.7218733809669345,0.6810244951510104,0.6751577584205779,0.5678363883140006,8.2064029651352222,0.6810244951510104,8.2064029651352222,0.0005000000000000,42.9664242180464555
91,0.7185197758445553,0.6800290439084390,0.6763085584852055,0.5683287860482706,8.2212395958697950,0.6800290439084390,8.2212395958697950,0.0005000000000000,43.3625475025093507
92,0.7154379592087724,0.6815253739002827,0.6801566380594480,0.5720338593693651,8.1631203696426642,0.6815253739002827,8.1631203696426642,0.0005000000000000,42.3775024965168470
93,0.7004573947475139,0.6848865712627533,0.6821552135890347,0.5718988248819238,8.1545733950461781,0.6848865712627533,8.1545733950461781,0.0005000000000000,43.0881329224174436
94,0.7039634788337880,0.6852036141792553,0.6819675970943838,0.5755331684121033,8.0270561393508668,0.6852036141792553,8.0270561393508668,0.0005000000000000,42.3527497635710048
95,0.7001462341083990,0.6887782542916067,0.6822236845187316,0.5780968461758232,8.0362466733093303,0.6887782542916067,8.0362466733093303,0.0005000000000000,43.2334535631819890
96,0.6938603166630245,0.6899927103426866,0.6863355918245035,0.5786296077703811,7.9857295053279653,0.6899927103426866,7.9857295053279653,0.0005000000000000,42.5574499514871505
97,0.6872934102085841,0.6902371755818886,0.6867962389566697,0.5805665527642816,7.9442889619052366,0.6902371755818886,7.9442889619052366,0.0005000000000000,42.6586101416736057
98,0.6863078910048497,0.6894619277114958,0.6902909913585041,0.5832439458505086,7.8701873116222423,0.6894619277114958,7.8701873116222423,0.0005000000000000,41.9531754232086769
99,0.6764314633382581,0.6903829495516554,0.6919372532049101,0.5840739152515271,7.8491976561242289,0.6903829495516554,7.8491976561242289,0.0005000000000000,41.8516551392399521
100,0.6715524519529310,0.6919299827248281,0.6931661475530093,0.5850544873070769,7.8254877136654573,0.6919299827248281,7.8254877136654573,0.0005000000000000,43.3812720985807090
101,0.6641204918648218,0.6950314646270359,0.6942023222883656,0.5895130393167488,7.7493343124145744,0.6950314646270359,7.7493343124145744,0.0005000000000000,43.0834867896577620
102,0.6646473375754007,0.6940678983417240,0.6945641749431974,0.5912030991371198,7.6705951504689756,0.6940678983417240,7.6705951504689756,0.0005000000000000,43.1994334481617557
103,0.6614397302373007,0.6960790922976122,0.6983147865250602,0.5930542347344350,7.6375473551057391,0.6960790922976122,7.6375473551057391,0.0005000000000000,42.6032803268941649
104,0.6586377855257772,0.6960719569321949,0.6992480096399951,0.5924253356872835,7.5782200851339665,0.6960719569321949,7.5782200851339665,0.0005000000000000,42.2131960514223579
105,0.6524148862927853,0.6976874099852853,0.7010825983484481,0.5951272315769879,7.6188880004341817,0.6976874099852853,7.6188880004341817,0.0005000000000000,43.0670276491185220
106,0.6535229762730975,0.6984801115996423,0.7036172805466400,0.5954544456993430,7.5293493832000946,0.6984801115996423,7.5293493832000946,0.0005000000000000,42.6049979979071054
107,0.6398139990894863,0.7004580017652747,0.7068034546555423,0.6000161490489800,7.5406056004042794,0.7004580017652747,7.5406056004042794,0.0005000000000000,41.6484109433381917
108,0.6419242107250401,0.7026363256489792,0.7103547401991533,0.6010058372208887,7.5172492116127296,0.7026363256489792,7.5172492116127296,0.0005000000000000,41.8100344237511905
109,0.6351196203724983,0.7022220231649029,0.7098581214500925,0.6026319105252493,7.4818086115205915,0.7022220231649029,7.4818086115205915,0.0005000000000000,42.3336771020655078
110,0.6353207171493239,0.7059116372051921,0.7116755040991202,0.6003933784143356,7.4204006810493173,0.7059116372051921,7.4204006810493173,0.0005000000000000,42.2193766747889043
111,0.6282143611059328,0.7052802331960062,0.7176246386581424,0.6045086242693102,7.4550863397039207,0.7052802331960062,7.4550863397039207,0.0005000000000000,42.0023158561771979
112,0.6269902864258593,0.7080575014539477,0.7180125650980971,0.6044564433726778,7.4670982754666211,0.7080575014539477,7.4670982754666211,0.0005000000000000,41.8198658517175446
113,0.6254587089285917,0.7101802361134872,0.7206752353137350,0.6068457358147964,7.4607466009873002,0.7101802361134872,7.4607466009873002,0.0005000000000000,41.9232901925766797
114,0.6121842285942685,0.7098938627425114,0.7230891442366139,0.6057479911655892,7.3406834766286080,0.7098938627425114,7.3406834766286080,0.0005000000000000,41.7160029427073837
115,0.6058705036149903,0.7119922374090011,0.7250583382167606,0.6071160735452561,7.4024952407943196,0.7119922374090011,7.4024952407943196,0.0005000000000000,42.1129541377187522
116,0.6104567297776200,0.7161216362191174,0.7276396429129476,0.6104516108533289,7.3798487110985143,0.7161216362191174,7.3798487110985143,0.0005000000000000,42.0892267169349452
117,0.6061721071494935,0.7162394363721513,0.7287611994825002,0.6109763679267969,7.4020704925493259,0.7162394363721513,7.4020704925493259,0.0005000000000000,42.9271421723292121
118,0.6044087508796565,0.7169620118290582,0.7298508766406864,0.6124453531842999,7.3504572283137222,0.7169620118290582,7.3504572283137222,0.0005000000000000,41.3548091546578647
119,0.5942376953111393,0.7202344534067266,0.7340172942355745,0.6142648919425837,7.3319995133631526,0.7202344534067266,7.3319995133631526,0.0005000000000000,41.4354173371506107
120,0.5930187201191359,0.7208991848406484,0.7334396025764640,0.6128119476265219,7.2922992731199034,0.7208991848406484,7.2922992731199034,0.0005000000000000,41.3475614934878450
121,0.5845412230772672,0.7232366813149221,0.7385776325651258,0.6163409422887395,7.3728575259128561,0.7232366813149221,7.3728575259128561,0.0005000000000000,42.9314472390768387
122,0.5878978146356916,0.7257523685186177,0.7372789385230407,0.6154244474779069,7.3219035820883853,0.7257523685186177,7.3219035820883853,0.0005000000000000,41.6884800928508525
123,0.5872411577499723,0.7270814519444545,0.7412693340491393,0.6165063365733998,7.2454641127119839,0.7270814519444545,7.2454641127119839,0.0005000000000000,41.5394372859203216
124,0.5768740830780230,0.7298086076213780,0.7433403199428458,0.6168507759069011,7.3083489037899936,0.7298086076213780,7.3083489037899936,0.0005000000000000,41.8279606472319685
125,0.5726395541228406,0.7304302374709054,0.7455643762767681,0.6183408776920626,7.2530692787477111,0.7304302374709054,7.2530692787477111,0.0005000000000000,42.9501441010404790
126,0.5695744495446532,0.7321534671624073,0.7454933371720391,0.6214646289985277,7.2839232997394596,0.7321534671624073,7.2839232997394596,0.0005000000000000,43.0210363342239361
127,0.5687520560446038,0.7334165299001937,0.7461082169743836,0.6215316674847543,7.2690267352589339,0.7334165299001937,7.2690267352589339,0.0005000000000000,42.0490476164435449
128,0.5679378479445453,0.7375594124035703,0.7489501699810439,0.6212577703402230,7.2658863992913796,0.7375594124035703,7.2658863992913796,0.0005000000000000,41.7060736942785724
129,0.5568830800160328,0.7366859483420752,0.7504986786288751,0.6211462920202030,7.2353197937036136,0.7366859483420752,7.2353197937036136,0.0005000000000000,43.1290665129944770
130,0.5586916860005128,0.7412568990754401,0.7532578666365286,0.6233763773833851,7.1693127518336741,0.7412568990754401,7.1693127518336741,0.0005000000000000,41.5854099288994234
131,0.5587195080304701,0.7415090709419093,0.7532987870431833,0.6236545596240742,7.2401406671496469,0.7415090709419093,7.2401406671496469,0.0005000000000000,42.3566184920277067
132,0.5571959898858831,0.7428638904696416,0.7537018722683495,0.6272930614933443,7.1843777111587066,0.7428638904696416,7.1843777111587066,0.0005000000000000,41.9409916897807378
133,0.5527141044118747,0.7463286897023942,0.7535909884700409,0.6263263699159489,7.2174858572095095,0.7463286897023942,7.2174858572095095,0.0005000000000000,43.1002116448703489
134,0.5450137769001040,0.7461808106576708,0.7545359233274239,0.6280933036243510,7.2057343088656687,0.7461808106576708,7.2057343088656687,0.0005000000000000,43.0637232626264321
135,0.5415846769003752,0.7481595482370511,0.7564122037227125,0.6290515965335881,7.1300178175848590,0.7481595482370511,7.1300178175848590,0.0005000000000000,41.8942099343414540
136,0.5379902631521132,0.7513319198669397,0.7558065801470605,0.6302502072349770,7.0701890360719268,0.7513319198669397,7.0701890360719268,0.0005000000000000,42.2433592843369681
137,0.5386786004706995,0.7530921465342845,0.7587722781493300,0.6323495584214509,7.0642442399716794,0.7530921465342845,7.0642442399716794,0.0005000000000000,41.7768025535433125
138,0.5342108150857083,0.7539445149331989,0.7604127492255969,0.6304156251672878,7.0523416230768294,0.7539445149331989,7.0523416230768294,0.0005000000000000,43.2056215836527215
139,0.5302314816795654,0.7553754947344856,0.7606443494231353,0.6335583902309200,7.0194672785386549,0.7553754947344856,7.0194672785386549,0.0005000000000000,43.3191243539103112
140,0.5287494389168264,0.7558385927711020,0.7603948097031167,0.6345434927532362,7.0519633247521654,0.7558385927711020,7.0519633247521654,0.0005000000000000,42.5118450907617387
141,0.5211014196599629,0.7601878840019572,0.7609812427469231,0.6373100258149019,7.0083104767651134,0.7601878840019572,7.0083104767651134,0.0002500000000000,43.0353916767372482
142,0.5185848935347958,0.7613282002312840,0.7618493607078032,0.6386495779218178,6.8776059819509836,0.7613282002312840,6.8776059819509836,0.0002500000000000,42.3672750749764901
143,0.5118592006069937,0.7637377930912536,0.7632454902057095,0.6394306110422674,6.8921481869511263,0.7637377930912536,6.8921481869511263,0.0002500000000000,42.9360796971568348
144,0.5092598681662647,0.7629260101897402,0.7636423018871545,0.6405268142728109,6.9140227687509741,0.7629260101897402,6.9140227687509741,0.0002500000000000,42.9373289902621451
145,0.5056976248183964,0.7639979312180578,0.7619266710171319,0.6396635607409451,6.8337749436817887,0.7639979312180578,6.8337749436817887,0.0002500000000000,43.2201917419018073
146,0.5090305936343394,0.7641045139266379,0.7620531652805607,0.6439175608196872,6.8078352519004852,0.7641045139266379,6.8078352519004852,0.0002500000000000,43.1983692552916310
147,0.5022494390533990,0.7668652505353289,0.7625920014081130,0.6428245251761558,6.7266969351339547,0.7668652505353289,6.7266969351339547,0.0002500000000000,43.3940889204032132
148,0.4966183383349234,0.7689045785393408,0.7663039407823801,0.6438352766230651,6.7109567855195671,0.7689045785393408,6.7109567855195671,0.0002500000000000,43.1733850435195947
149,0.4978242713415371,0.7690062732649237,0.7659741718761318,0.6456175388386751,6.7207407335290261,0.7690062732649237,6.7207407335290261,0.0002500000000000,42.7521384277019507
150,0.4932655958850275,0.7693145345041261,0.7661161597239257,0.6483361151965737,6.6492672667297628,0.7693145345041261,6.6492672667297628,0.0002500000000000,42.3524582277747186
151,0.5000101662109893,0.7719978363839181,0.7689107824141735,0.6485934584105724,6.6089898217431182,0.7719978363839181,6.6089898217431182,0.0002500000000000,42.1536667896561568
152,0.4935754576197915,0.7727334399280900,0.7660660475962423,0.6509435643387361,6.6103445432934516,0.7727334399280900,6.6103445432934516,0.0002500000000000,42.9224057127874374
153,0.4860531003323658,0.7726052378014155,0.7692278072189946,0.6529762786520019,6.5372775604513134,0.7726052378014155,6.5372775604513134,0.0002500000000000,42.9780297178947848
154,0.4880495302334081,0.7753846167886458,0.7704275371284455,0.6544258811130106,6.5324391557314927,0.7753846167886458,6.5324391557314927,0.0002500000000000,42.7950156852201573
155,0.4849944863173662,0.7751343473176728,0.7706088531154756,0.6563331160632170,6.3966187782173387,0.7751343473176728,6.3966187782173387,0.0002500000000000,42.0107410023488725
156,0.4781260014563181,0.7740815851953214,0.7706673537289659,0.6570574750305394,6.4648387312364779,0.7740815851953214,6.4648387312364779,0.0002500000000000,42.7583682687859934
157,0.4783251969751670,0.7752727954220419,0.7744704869679214,0.6596977300943484,6.3693920882125195,0.7752727954220419,6.3693920882125195,0.0002500000000000,43.0171946414062063
158,0.4790269209654024,0.7753559036092206,0.7737510048362198,0.6617501358523217,6.2927858736765439,0.7753559036092206,6.2927858736765439,0.0002500000000000,42.6793293947645012
159,0.4783647348318515,0.7794271834959048,0.7766025758662006,0.6632651429259011,6.3379372272104613,0.7794271834959048,6.3379372272104613,0.0002500000000000,42.8497310916429726
160,0.4685970755019628,0.7782315582904663,0.7751303617606673,0.6627080180876997,6.2889274497902470,0.7782315582904663,6.2889274497902470,0.0002500000000000,42.6947055979047505
161,0.4697400648949421,0.7803939552710318,0.7797892970085867,0.6628077474110033,6.2044888672577487,0.7803939552710318,6.2044888672577487,0.0002500000000000,42.2983420437213482
162,0.4594594197953013,0.7808151755237482,0.7802219081996129,0.6647353569215962,6.1538177646827243,0.7808151755237482,6.1538177646827243,0.0002500000000000,42.8175845605542236
163,0.4665552774691283,0.7792868745579106,0.7807083995224914,0.6658719175431302,6.2312483183389631,0.7792868745579106,6.2312483183389631,0.0002500000000000,42.8482706595019067
164,0.4578538123020066,0.7816848850702406,0.7814527893620272,0.6673031626432421,6.1453525488454899,0.7816848850702406,6.1453525488454899,0.0002500000000000,42.0893886336376966
165,0.4598020268043178,0.7802816481095401,0.7864470208160137,0.6711594695518260,6.0845030346641193,0.7802816481095401,6.0845030346641193,0.0002500000000000,42.5376657096386879
166,0.4543116901590639,0.7806985934675970,0.7862474981618434,0.6734060221982456,6.0468146434525316,0.7806985934675970,6.0468146434525316,0.0002500000000000,41.3817133736715022
167,0.4513782474907384,0.7829451768805179,0.7897399094619274,0.6713840846787290,6.1040216611867573,0.7829451768805179,6.1040216611867573,0.0002500000000000,42.0110661838781141
168,0.4510860205375672,0.7815739656110312,0.7890329066756951,0.6731074314485088,6.0171953232673996,0.7815739656110312,6.0171953232673996,0.0002500000000000,42.9884430444116958
169,0.4523709040821973,0.7830114967197725,0.7919148380165176,0.6760708225863657,5.9878439118791720,0.7830114967197725,5.9878439118791720,0.0002500000000000,42.0677025518054606
170,0.4492994550628100,0.7831758520054324,0.7914299584857054,0.6752610511935075,6.0617794846741244,0.7831758520054324,6.0617794846741244,0.0002500000000000,41.7136295388307303
171,0.4400283680065077,0.7827184345909733,0.7960563455271447,0.6768494727130840,6.0646067889374535,0.7827184345909733,6.0646067889374535,0.0002500000000000,41.6944920385074767
172,0.4352820198333432,0.7824286445740846,0.7947883057888833,0.6785008712316071,5.9659187057051097,0.7824286445740846,5.9659187057051097,0.0002500000000000,42.8854416588151039
173,0.4409069630199512,0.7855947361542635,0.7958736987788751,0.6796535598218786,5.9740547320875637,0.7855947361542635,5.9740547320875637,0.0002500000000000,41.4244993552390142
174,0.4328120803466275,0.7850904801789376,0.8003508066555692,0.6828510403583359,5.9842791047839059,0.7850904801789376,5.9842791047839059,0.0002500000000000,41.5126813992931005
175,0.4378245753386191,0.7855813597888900,0.7993473923003809,0.6847781099531578,5.9258667862084486,0.7855813597888900,5.9258667862084486,0.0002500000000000,42.3841227986672138
176,0.4356745455453510,0.7860095787890116,0.8024748032676298,0.6859408758013904,5.9229884147837222,0.7860095787890116,5.9229884147837222,0.0002500000000000,43.0636003564506709
177,0.4298310781853761,0.7867841135262431,0.8045553171875808,0.6867710728302379,5.9209011718940054,0.7867841135262431,5.9209011718940054,0.0002500000000000,42.2686242002627637
178,0.4228800963734342,0.7866053032391648,0.8034338094570694,0.6866703615357800,5.9755058250030109,0.7866053032391648,5.9755058250030109,0.0002500000000000,42.6823955885912341
179,0.4236598135247889,0.7880408578044623,0.8065864685067171,0.6875231439575896,5.9203035331310927,0.7880408578044623,5.9203035331310927,0.0002500000000000,43.4177554014234772
180,0.4260454030203650,0.7900627658868743,0.8082895886070000,0.6889052889305830,5.9338233227025841,0.7900627658868743,5.9338233227025841,0.0002500000000000,43.1998214832713074
181,0.4209284786879440,0.7896032068626336,0.8081881484129101,0.6885632102057851,5.9198019388494449,0.7896032068626336,5.9198019388494449,0.0002500000000000,42.1100946668145610
182,0.4185358906447614,0.7892442559576449,0.8093980768984340,0.6914252718523569,5.9173984936342716,0.7892442559576449,5.9173984936342716,0.0002500000000000,42.9259616886524356
183,0.4213198481296027,0.7924759747348696,0.8092755327534145,0.6917713838154086,5.9774603180915138,0.7924759747348696,5.9774603180915138,0.0002500000000000,41.9218822297985056
184,0.4163188178012978,0.7909394071494200,0.8111151072302213,0.6906869147274945,5.9921125308216361,0.7909394071494200,5.9921125308216361,0.0002500000000000,42.7850478534638370
185,0.4162459175642206,0.7952959588844003,0.8135066637181000,0.6923801723749151,5.9560867041413124,0.7952959588844003,5.9560867041413124,0.0002500000000000,43.3512961865247064
186,0.4121572484556557,0.7933326025088642,0.8139946285201773,0.6910759664334151,6.0168131845166348,0.7933326025088642,6.0168131845166348,0.0002500000000000,42.1803157379396012
187,0.4076309614706658,0.7967179306212497,0.8143303292023502,0.6946477834335374,6.0334776640085916,0.7967179306212497,6.0334776640085916,0.0002500000000000,43.1726728092155980
188,0.4110574713051357,0.7946860456725453,0.8151944588176918,0.6955682315218867,6.0167427772306743,0.7946860456725453,6.0167427772306743,0.0002500000000000,42.9008996699975214
189,0.4024797953607813,0.7969455431916519,0.8159510352966927,0.6937579275374832,5.9179607070682332,0.7969455431916519,5.9179607070682332,0.0002500000000000,42.1116617080508888
190,0.4077606398722027,0.7974399346552293,0.8151909724190728,0.6954415768552158,5.9201137512004713,0.7974399346552293,5.9201137512004713,0.0002500000000000,42.7908903510808258
191,0.4043451233351928,0.7994304402564695,0.8156507114310521,0.6948645812263550,6.0012703054876573,0.7994304402564695,6.0012703054876573,0.0002500000000000,42.1378195147481094
192,0.4028007749436265,0.7995003167994186,0.8146363453038764,0.6944565662971590,5.9859617996444534,0.7995003167994186,5.9859617996444534,0.0002500000000000,42.7462114896393146
193,0.3996706497566972,0.8024808846103448,0.8172172686922091,0.6960067489813708,5.9405160047591652,0.8024808846103448,5.9405160047591652,0.0002500000000000,42.1837162392556948
194,0.3987637764187464,0.8029413748901394,0.8165168556161621,0.6973354010560567,5.9607063292222513,0.8029413748901394,5.9607063292222513,0.0002500000000000,41.8642396169707141
195,0.3958484833505182,0.8054938659182419,0.8165679354764115,0.6950086054562711,5.9316167297950644,0.8054938659182419,5.9316167297950644,0.0002500000000000,41.7033094538562068
196,0.3885329809833583,0.8057112880866814,0.8161683222314315,0.6953410893789522,5.9767032428198785,0.8057112880866814,5.9767032428198785,0.0002500000000000,41.8282943859555516
197,0.3862784856211339,0.8077119976337389,0.8180979514601011,0.6989543065678901,5.9738338017210335,0.8077119976337389,5.9738338017210335,0.0002500000000000,42.2237028860785131
198,0.3832235718250097,0.8071037089856551,0.8155753286516277,0.6995972497903097,5.9689353211656586,0.8071037089856551,5.9689353211656586,0.0002500000000000,43.0477618043141774
199,0.3874726870530982,0.8100185884318856,0.8183610634970301,0.6966486492635902,5.8547099182147857,0.8100185884318856,5.8547099182147857,0.0002500000000000,42.4860314031723405
200,0.3826819515715640,0.8129918299618735,0.8181148668991260,0.7001287479427212,5.8478268101893498,0.8129918299618735,5.8478268101893498,0.0002500000000000,42.8545568536028298
201,0.3871558000526760,0.8130678786060718,0.8181276449759294,0.6982835595444506,5.8578517311393155,0.8130678786060718,5.8578517311393155,0.0002500000000000,41.8102008893388728
202,0.3793493537656185,0.8143102093795679,0.8165929165853130,0.6973993122889184,5.8635263614189332,0.8143102093795679,5.8635263614189332,0.0002500000000000,41.9344121082307169
203,0.3844152818039097,0.8168238713268283,0.8190041895609433,0.7004407435691049,5.8107834703037415,0.8168238713268283,5.8107834703037415,0.0002500000000000,41.9297853125863966
204,0.3735862191959417,0.8178479854236439,0.8187118473151230,0.7000374790068349,5.7822308754262277,0.8178479854236439,5.7822308754262277,0.0002500000000000,41.6260764861346786
205,0.3794032683547913,0.8190807431001207,0.8195676445469879,0.6994461267404538,5.8489309901827982,0.8190807431001207,5.8489309901827982,0.0002500000000000,42.1351410790578242
206,0.3752185780673338,0.8207033689611039,0.8193417595622888,0.7003973721490333,5.7318134345532092,0.8207033689611039,5.7318134345532092,0.0002500000000000,42.3691909570004697
207,0.3675949406178190,0.8195174246443656,0.8184004898585419,0.6983567858738264,5.7489569301353391,0.8195174246443656,5.7489569301353391,0.0002500000000000,42.0071414291132328
208,0.3688463340902265,0.8228814545602902,0.8178188375977672,0.6986908081867315,5.7649953023449516,0.8228814545602902,5.7649953023449516,0.0002500000000000,42.0160093352244104
209,0.3737458635246352,0.8225016836136453,0.8200821879731847,0.7008636370787750,5.7284747985122655,0.8225016836136453,5.7284747985122655,0.0002500000000000,42.3070367444446731
210,0.3726086007917058,0.8243115094168544,0.8218196042956849,0.7002080757300686,5.6618092759252283,0.8243115094168544,5.6618092759252283,0.0002500000000000,42.0131111793437739
211,0.3620588481793105,0.8263083732544249,0.8195869103713279,0.7005867220219211,5.6609877703867122,0.8263083732544249,5.6609877703867122,0.0002500000000000,41.3245709329247006
212,0.3647081050242267,0.8254225495336235,0.8208240427303397,0.7012792341432067,5.6079564622218863,0.8254225495336235,5.6079564622218863,0.0002500000000000,41.5392552222968163
213,0.3589779075236144,0.8262161002197023,0.8216929675475662,0.7012031947817007,5.5865190340220954,0.8262161002197023,5.5865190340220954,0.0002500000000000,41.9207620186894090
214,0.3649774158765672,0.8258166883591613,0.8216211711543902,0.7029129042956918,5.5181793616986576,0.8258166883591613,5.5181793616986576,0.0002500000000000,42.4408583021717973
215,0.3626394104322527,0.8297362241155978,0.8258455668014070,0.7019056938397894,5.5232595662611210,0.8297362241155978,5.5232595662611210,0.0002500000000000,42.4881738188228439
216,0.3541137069456434,0.8297873229335726,0.8270180409133441,0.7025376793968370,5.4941037630517524,0.8297873229335726,5.4941037630517524,0.0002500000000000,41.9706308363079401
217,0.3621484714001825,0.8308556656749373,0.8256423977247078,0.7046462958211568,5.4727783001139265,0.8308556656749373,5.4727783001139265,0.0002500000000000,41.9360361037518103
218,0.3593296241659306,0.8304353910151370,0.8279232839431113,0.7044286489260885,5.4133128260748276,0.8304353910151370,5.4133128260748276,0.0002500000000000,42.7488878996534183
219,0.3522273931708058,0.8297728499818917,0.8270015181194685,0.7061144808112507,5.3916434852631463,0.8297728499818917,5.3916434852631463,0.0002500000000000,42.1137224245000397
220,0.3491208564423419,0.8328262002241037,0.8277355148855143,0.7032366750861465,5.3973975498982290,0.8328262002241037,5.3973975498982290,0.0002500000000000,41.7514110024299114
221,0.3549540834462589,0.8312751825828190,0.8287657791449736,0.7064352693081860,5.2931951490363511,0.8312751825828190,5.2931951490363511,0.0002500000000000,43.1370907268991601
222,0.3479968899294617,0.8334408643411303,0.8331630690742470,0.7071741317874095,5.2710373442796294,0.8334408643411303,5.2710373442796294,0.0002500000000000,41.8802306635970041
223,0.3472851182404635,0.8316855110751080,0.8337939254284382,0.7063128198483773,5.2603354330496881,0.8316855110751080,5.2603354330496881,0.0002500000000000,42.3676573862103609
224,0.3495853221667112,0.8323049739835778,0.8344956981381202,0.7083986872831919,5.2587951122019172,0.8323049739835778,5.2587951122019172,0.0002500000000000,42.4734983378325239
225,0.3492070337092755,0.8352919424707462,0.8374319410581370,0.7076689160794024,5.2142093980667168,0.8352919424707462,5.2142093980667168,0.0002500000000000,42.3614875040427137
226,0.3423637566044163,0.8348670988946433,0.8387968182839639,0.7097146060069350,5.1765050588603412,0.8348670988946433,5.1765050588603412,0.0002500000000000,42.6786852358077411
227,0.3393896496155910,0.8340245217749729,0.8397129474677985,0.7076359957332125,5.2426089480580824,0.8340245217749729,5.2426089480580824,0.0002500000000000,42.9085929438230878
228,0.3452245216054059,0.8330693049063308,0.8405419199131482,0.7115907497035118,5.1417637704769499,0.8330693049063308,5.1417637704769499,0.0002500000000000,42.2876127129850232
229,0.3388935979975568,0.8339231194080671,0.8396307277707558,0.7101385041142626,5.1120922498956363,0.8339231194080671,5.1120922498956363,0.0002500000000000,43.4924792646202079
230,0.3329287755199896,0.8362098126133906,0.8409110542770083,0.7110359463057379,5.0989511366455416,0.8362098126133906,5.0989511366455416,0.0002500000000000,42.7010976820118771
231,0.3421176247605777,0.8354871088678223,0.8437577664124239,0.7109068798650408,5.1185572137208633,0.8354871088678223,5.1185572137208633,0.0002500000000000,43.3104908757330662
232,0.3395750184538591,0.8352146650898564,0.8428604380808755,0.7129935166136309,5.0752125475342291,0.8352146650898564,5.0752125475342291,0.0002500000000000,43.0492803149199190
233,0.3292507888820955,0.8346441352009408,0.8467430358801334,0.7149713493653401,5.1302368260409352,0.8346441352009408,5.1302368260409352,0.0002500000000000,42.2473532886031720
234,0.3283284478301075,0.8326862635072064,0.8456500358927247,0.7146237577550001,5.1563307717721756,0.8326862635072064,5.1563307717721756,0.0002500000000000,42.2897716626657854
235,0.3311855125695477,0.8349230493449317,0.8490469825064163,0.7139089239341072,5.1188516020582009,0.8349230493449317,5.1188516020582009,0.0002500000000000,41.9497065786928971
236,0.3273210612834384,0.8350351764450062,0.8480581109427617,0.7157186564196044,5.1046545271837944,0.8350351764450062,5.1046545271837944,0.0002500000000000,41.9824775468289886
237,0.3311195186488524,0.8328900254493793,0.8510841673954624,0.7177860384701964,5.1148369021077364,0.8328900254493793,5.1148369021077364,0.0002500000000000,41.8474567619167814
238,0.3337478000491426,0.8345511843837745,0.8495180377717660,0.7191596634385830,5.1725043039304639,0.8345511843837745,5.1725043039304639,0.0002500000000000,42.6561983201887642
239,0.3236837803151220,0.8341134933615545,0.8518047518166516,0.7204912106429855,5.1324083770094084,0.8341134933615545,5.1324083770094084,0.0002500000000000,41.6501002082129830
240,0.3286614412697866,0.8329917676372888,0.8505973485730937,0.7206906921222127,5.1581644006466076,0.8329917676372888,5.1581644006466076,0.0002500000000000,42.9038777271650247
241,0.3202791323460188,0.8356966511892527,0.8516638018980393,0.7219828776791956,5.1625965194766872,0.8356966511892527,5.1625965194766872,0.0001000000000000,42.9410338815212569
242,0.3177209964791873,0.8342138810818956,0.8520956905050961,0.7205799057579666,5.0948235216136135,0.8342138810818956,5.0948235216136135,0.0001000000000000,42.8929700394356388
243,0.3162633773700259,0.8371495476910263,0.8527088959320659,0.7235223180493680,5.1077921163254674,0.8371495476910263,5.1077921163254674,0.0001000000000000,43.1332302025987460
244,0.3236076024977659,0.8365006141851821,0.8523823735551591,0.7257529826813505,5.1244022943003023,0.8365006141851821,5.1244022943003023,0.0001000000000000,41.7554379768044228
245,0.3148802078032811,0.8365689364388299,0.8547471349924053,0.7267993336544337,5.1386418172762003,0.8365689364388299,5.1386418172762003,0.0001000000000000,42.0339797129175707
246,0.3239002801219957,0.8375483751143752,0.8533452998126209,0.7262176257458319,5.1963741362836160,0.8375483751143752,5.1963741362836160,0.0001000000000000,42.2274214757868265
247,0.3197802588115044,0.8374352587015340,0.8538668427199647,0.7272282885354262,5.1469126542226302,0.8374352587015340,5.1469126542226302,0.0001000000000000,41.4424115364737133
248,0.3108662961703957,0.8368924761729285,0.8527258801344715,0.7276402955438256,5.1992285789872028,0.8368924761729285,5.1992285789872028,0.0001000000000000,42.4601524909865446
249,0.3129846248432062,0.8362712857593169,0.8549698675139200,0.7307989590729450,5.1572723851166700,0.8362712857593169,5.1572723851166700,0.0001000000000000,41.3215679086750853
250,0.3193972915044483,0.8378343581658715,0.8517331721340032,0.7291088118233752,5.2279294352219949,0.8378343581658715,5.2279294352219949,0.0001000000000000,42.9315757623436411
251,0.3146710125653615,0.8381828984999968,0.8519079129651441,0.7316064121120150,5.1428777729257140,0.8381828984999968,5.1428777729257140,0.0001000000000000,42.9259836786855900
252,0.3062161322771261,0.8377977956901151,0.8526738624330538,0.7315499420510559,5.2174840816804258,0.8377977956901151,5.2174840816804258,0.0001000000000000,42.6037940162794229
253,0.3124593571503252,0.8398779833400710,0.8525441310317982,0.7323485961965132,5.2136886426553231,0.8398779833400710,5.2136886426553231,0.0001000000000000,42.9079140709545825
254,0.3079982446600796,0.8378838182594870,0.8518858852739835,0.7337377849034569,5.2142822200644448,0.8378838182594870,5.2142822200644448,0.0001000000000000,42.3729178161773419
255,0.3067867614225722,0.8391198814568194,0.8517579433258491,0.7332908214731128,5.2770308888481043,0.8391198814568194,5.2770308888481043,0.0001000000000000,42.2244326301900799
256,0.3045006760922704,0.8392611012447249,0.8524993240699152,0.7355945439173022,5.2134853591262074,0.8392611012447249,5.2134853591262074,0.0001000000000000,42.8786356446864048
257,0.3107984182105777,0.8422316500946274,0.8507178594345630,0.7362082708294811,5.1979570584382886,0.8422316500946274,5.1979570584382886,0.0001000000000000,42.0512473616804954
258,0.3031334776814745,0.8438422398448161,0.8523840846286406,0.7368387710687021,5.2438879311233935,0.8438422398448161,5.2438879311233935,0.0001000000000000,41.3931035707941533
259,0.3090518731821397,0.8431222019276798,0.8532632064282724,0.7344890401115304,5.1798714609957690,0.8431222019276798,5.1798714609957690,0.0001000000000000,42.4547986006081288
260,0.2985595229925491,0.8441481638035399,0.8500983379569516,0.7360117687174634,5.2478320387567940,0.8441481638035399,5.2478320387567940,0.0001000000000000,42.7642687328288318
261,0.3024911146261329,0.8440458032699590,0.8502816036714037,0.7390286405060416,5.2316059689020626,0.8440458032699590,5.2316059689020626,0.0001000000000000,42.4809901551338314
262,0.3011672957978143,0.8440086060270707,0.8532188713847961,0.7393750586939126,5.2146533109149109,0.8440086060270707,5.2146533109149109,0.0001000000000000,42.8043205206282806
263,0.2992554003682641,0.8481552786015446,0.8513434443944268,0.7390227621381823,5.2048509223791921,0.8481552786015446,5.2048509223791921,0.0001000000000000,42.6859951979985581
264,0.2950451015859207,0.8492372293593855,0.8517920187672977,0.7365003808464943,5.1317576385462047,0.8492372293593855,5.1317576385462047,0.0001000000000000,43.2438282917594208
265,0.2937125639597798,0.8493997890992299,0.8515090857842084,0.7380008558710932,5.2168547998337189,0.8493997890992299,5.2168547998337189,0.0001000000000000,41.8435949625235040
266,0.3016392392352444,0.8500837659483640,0.8514421499842019,0.7391195538398464,5.1044034160730591,0.8500837659483640,5.1044034160730591,0.0001000000000000,43.1115912446933720
267,0.2935666081642179,0.8492078762250640,0.8527385075167535,0.7409440135194256,5.0917321112259097,0.8492078762250640,5.0917321112259097,0.0001000000000000,42.5890579643735663
268,0.2968788468589920,0.8528975851581778,0.8535063935120158,0.7396562135594721,5.1545891944348590,0.8528975851581778,5.1545891944348590,0.0001000000000000,42.9631993777601480
269,0.2883645493219170,0.8528285741225666,0.8540794506667465,0.7401941604039378,5.1285070687050540,0.8528285741225666,5.1285070687050540,0.0001000000000000,41.7817712963007466
270,0.2920817210494105,0.8540195863921251,0.8540038880850283,0.7389011475802546,5.1308680082783642,0.8540195863921251,5.1308680082783642,0.0001000000000000,42.8799303777166330
271,0.2919451489302730,0.8536810583659747,0.8553193169442704,0.7381534597061536,5.0016659435947473,0.8536810583659747,5.0016659435947473,0.0001000000000000,43.2033103606410904
272,0.2905006507692206,0.8558848879280297,0.8540308944073053,0.7391988340040033,5.0580288191869380,0.8558848879280297,5.0580288191869380,0.0001000000000000,42.6464565456485332
273,0.2931197212777319,0.8549304295837648,0.8578170113217547,0.7394871443269516,5.0156601472269209,0.8549304295837648,5.0156601472269209,0.0001000000000000,43.3385378742430163
274,0.2872309443907060,0.8563261339400867,0.8557479615526907,0.7384201260366350,4.9587671057195841,0.8563261339400867,4.9587671057195841,0.0001000000000000,42.6372325814386173
275,0.2871117963506978,0.8596966920623546,0.8564913412679566,0.7386730125410627,4.9383198751714090,0.8596966920623546,4.9383198751714090,0.0001000000000000,42.9076419252806431
276,0.2885428281152981,0.8590995604110709,0.8594235800349795,0.7400700456950775,4.9335407883150442,0.8590995604110709,4.9335407883150442,0.0001000000000000,42.3591186681057223
277,0.2844297218030676,0.8599656868437940,0.8610718410049322,0.7418327072944854,4.8739198953704879,0.8599656868437940,4.8739198953704879,0.0001000000000000,41.8281831595081144
278,0.2840866234840331,0.8622736443453639,0.8602309926751274,0.7405180926267896,4.8789147038639840,0.8622736443453639,4.8789147038639840,0.0001000000000000,41.8618362577599825
279,0.2854247395062984,0.8630343241270779,0.8609694898908022,0.7407289462834589,4.8885568047245904,0.8630343241270779,4.8885568047245904,0.0001000000000000,43.2746530613914899
280,0.2825161168507676,0.8610003496423929,0.8625478320258954,0.7399350124232461,4.7804542715541745,0.8610003496423929,4.7804542715541745,0.0001000000000000,42.4445808659703658
281,0.2833241320440968,0.8648498341675721,0.8624254163234638,0.7403349100567496,4.7610875234625309,0.8648498341675721,4.7610875234625309,0.0001000000000000,43.0686983348552346
282,0.2881299651245604,0.8628739233336029,0.8655369159336483,0.7412509877997303,4.8132615292808856,0.8628739233336029,4.8132615292808856,0.0001000000000000,42.3671071770503076
283,0.2779812103737717,0.8622734931465239,0.8654112851021371,0.7379186319192981,4.7392686204318970,0.8622734931465239,4.7392686204318970,0.0001000000000000,42.5365899394562277
284,0.2804485597369690,0.8646781878699089,0.8668843274046795,0.7385538096199775,4.7504717924541717,0.8646781878699089,4.7504717924541717,0.0001000000000000,42.4023894641031447
285,0.2758922697979359,0.8642851694187780,0.8684513780401858,0.7384578231518801,4.7550104033360068,0.8642851694187780,4.7550104033360068,0.0001000000000000,43.3209330236102659
286,0.2795163718157112,0.8667708727353778,0.8677065464820432,0.7384578116132227,4.7164364821183717,0.8667708727353778,4.7164364821183717,0.0001000000000000,42.7708003655365658
287,0.2840804848665676,0.8667762014269130,0.8706783465506829,0.7396129906748692,4.6201212707837485,0.8667762014269130,4.6201212707837485,0.0001000000000000,42.5030770546864005
288,0.2772175050616777,0.8672941742997187,0.8715700597352798,0.7390548470029266,4.6863300580939358,0.8672941742997187,4.6863300580939358,0.0001000000000000,43.1514544465627168
289,0.2777326491253412,0.8669313056151030,0.8718577640690551,0.7400021425007601,4.6019284187390541,0.8669313056151030,4.6019284187390541,0.0001000000000000,41.6777816963504364
290,0.2781142076980124,0.8651040179402425,0.8739872384647198,0.7366185981583983,4.6079515372988347,0.8651040179402425,4.6079515372988347,0.0001000000000000,41.3904507323689046
291,0.2709848781930307,0.8679270528096746,0.8726322342605328,0.7401449665940858,4.6629082308177230,0.8679270528096746,4.6629082308177230,0.0001000000000000,42.5426777630175224
292,0.2772270071906411,0.8657717122871519,0.8722775888423779,0.7377001198804279,4.6272993869211030,0.8657717122871519,4.6272993869211030,0.0001000000000000,41.3821163263315555
293,0.2739389175954393,0.8686606460666656,0.8730861500058779,0.7377255014228986,4.5818434821925660,0.8686606460666656,4.5818434821925660,0.0001000000000000,41.8096831036003991
294,0.2761402129132793,0.8678123471119008,0.8755646264355134,0.7387741011370592,4.5557490550046378,0.8678123471119008,4.5557490550046378,0.0001000000000000,42.5227077460144400
295,0.2690845581857757,0.8689176695458936,0.8744156462889288,0.7375251387164666,4.5625562839261136,0.8689176695458936,4.5625562839261136,0.0001000000000000,42.2153164366138256
296,0.2678704425002816,0.8663713163180422,0.8752338237221903,0.7400954518048547,4.6203537280680420,0.8663713163180422,4.6203537280680420,0.0001000000000000,42.4713490778479397
297,0.2679281057287648,0.8664115356955311,0.8770450955235212,0.7403339817787621,4.6219335358382878,0.8664115356955311,4.6219335358382878,0.0001000000000000,41.4194171000912519
298,0.2753720930295014,0.8659302021575360,0.8757965028779620,0.7393507745397571,4.5658544811186976,0.8659302021575360,4.5658544811186976,0.0001000000000000,42.6521368635628662
299,0.2685020761308861,0.8654490510780405,0.8767708240553009,0.7387588494540878,4.6384845731126534,0.8654490510780405,4.6384845731126534,0.0001000000000000,41.6752462176318090
300,0.2708309394835941,0.8668274756908393,0.8774622533152303,0.7377152448607995,4.6107134612479506,0.8668274756908393,4.6107134612479506,0.0001000000000000,41.4763910853636943
301,0.2681391885774997,0.8659552665369226,0.8752821528856332,0.7397871579351188,4.5476886506058811,0.8659552665369226,4.5476886506058811,0.0001000000000000,42.3987678093469711
302,0.2703121172662539,0.8678272776373953,0.8772770869196521,0.7387497964300018,4.6544782828807918,0.8678272776373953,4.6544782828807918,0.0001000000000000,41.2860458348357824
303,0.2709063227762177,0.8677667265458988,0.8758118919602951,0.7386438905541913,4.6276646576364664,0.8677667265458988,4.6276646576364664,0.0001000000000000,42.1669272282640861
304,0.2705696848159173,0.8658477565025700,0.8771887230891062,0.7405216318052069,4.6715292412118572,0.8658477565025700,4.6715292412118572,0.0001000000000000,41.5032713380283198
305,0.2699483661413020,0.8642067883146580,0.8782445578625461,0.7416105961538570,4.6886989179211467,0.8642067883146580,4.6886989179211467,0.0001000000000000,41.6952948650898563
306,0.2630749099778428,0.8671535522006024,0.8782368458567335,0.7419719221967525,4.6849332293445212,0.8671535522006024,4.6849332293445212,0.0001000000000000,42.3122466980483196
307,0.2577496882066999,0.8670477380495127,0.8746526346516400,0.7397741743762761,4.7097098216528828,0.8670477380495127,4.7097098216528828,0.0001000000000000,42.4848830172455081
308,0.2634916809529452,0.8663444164317528,0.8776761091614961,0.7409080734308132,4.6258833241484423,0.8663444164317528,4.6258833241484423,0.0001000000000000,42.3943529341469016
309,0.2576634600393729,0.8638115330786271,0.8754289945291123,0.7402119844382594,4.7031247097356932,0.8638115330786271,4.7031247097356932,0.0001000000000000,41.8404509790449737
310,0.2651465108517254,0.8633486631789616,0.8762748914432036,0.7433531454738113,4.7344370587999265,0.8633486631789616,4.7344370587999265,0.0001000000000000,42.6116410970975963
311,0.2649326988850316,0.8652136612907714,0.8732342124124515,0.7411580744095366,4.6556234181040423,0.8652136612907714,4.6556234181040423,0.0001000000000000,42.5569874984380263
312,0.2582494316638489,0.8633980183776704,0.8735692060071297,0.7439520446373321,4.7649103914158095,0.8633980183776704,4.7649103914158095,0.0001000000000000,42.1131764732971874
313,0.2573527677696807,0.8650226369144480,0.8722161412714998,0.7442523206312270,4.6691002519619671,0.8650226369144480,4.6691002519619671,0.0001000000000000,43.0016935938744354
314,0.2545170847390639,0.8644056727955195,0.8734500556990041,0.7456304205661353,4.7566639808403828,0.8644056727955195,4.7566639808403828,0.0001000000000000,42.2824847931161329
315,0.2562048014678562,0.8636018733269802,0.8751724872209188,0.7450997763702283,4.7083335799342247,0.8636018733269802,4.7083335799342247,0.0001000000000000,41.9666193998808268
316,0.2534562299654811,0.8649116444629916,0.8742076979334196,0.7449166176748203,4.7568013945324790,0.8649116444629916,4.7568013945324790,0.0001000000000000,42.0508419940976808
317,0.2568892877515578,0.8634721662496988,0.8736183857471849,0.7448735614732015,4.7892259994514310,0.8634721662496988,4.7892259994514310,0.0001000000000000,42.7568718291669327
318,0.2611084747901597,0.8655679381264378,0.8725374658488353,0.7448428268664445,4.7728965536527905,0.8655679381264378,4.7728965536527905,0.0001000000000000,41.9450436943651894
319,0.2507689606383689,0.8652438266894031,0.8726103016091090,0.7457904316282209,4.7497633824530388,0.8652438266894031,4.7497633824530388,0.0001000000000000,42.7857182227394688
320,0.2556744294271397,0.8655324212517266,0.8713028099526200,0.7462268274748590,4.7753739244138718,0.8655324212517266,4.7753739244138718,0.0001000000000000,42.0053430309381142
321,0.2585425102988906,0.8653209657570770,0.8724868673074971,0.7467749414476321,4.7718082709138505,0.8653209657570770,4.7718082709138505,0.0000500000000000,42.6024177361867089
322,0.2579344224655262,0.8671007146503799,0.8720342469815027,0.7502144366044539,4.7862921998992611,0.8671007146503799,4.7862921998992611,0.0000500000000000,43.0724406479796471
323,0.2482134588745055,0.8681993635509222,0.8707892380186756,0.7516604112749253,4.7240673521498113,0.8681993635509222,4.7240673521498113,0.0000500000000000,42.3694736027201557
324,0.2582990930178493,0.8677328042265646,0.8723229908227933,0.7516772010672047,4.8303509782996272,0.8677328042265646,4.8303509782996272,0.0000500000000000,41.7801500000808730
325,0.2542733755074678,0.8666658044047292,0.8748833743802834,0.7527824240491795,4.8171798647778896,0.8666658044047292,4.8171798647778896,0.0000500000000000,42.4488404709022689
326,0.2504647387290079,0.8678154328556312,0.8738552596865811,0.7526036654531403,4.7437609070159024,0.8678154328556312,4.7437609070159024,0.0000500000000000,42.8863498087843951
327,0.2475379829523691,0.8691334621578940,0.8736910216883392,0.7515587148478647,4.6943610062928975,0.8691334621578940,4.6943610062928975,0.0000500000000000,42.5865391352303462
328,0.2451135045223955,0.8690027756854504,0.8747074284606107,0.7534642872918357,4.7829469957986381,0.8690027756854504,4.7829469957986381,0.0000500000000000,42.1161318295069407
329,0.2472602344368397,0.8712141404944104,0.8736219223404762,0.7548928024963134,4.6862149249427887,0.8712141404944104,4.6862149249427887,0.0000500000000000,42.1601594598012923
330,0.2534582202439071,0.8716726231552504,0.8761545824511191,0.7526964412216862,4.6843270290446037,0.8716726231552504,4.6843270290446037,0.0000500000000000,42.2489432167603880
331,0.2444145722596938,0.8716541895127722,0.8761139071875370,0.7534522312935557,4.7338596795179795,0.8716541895127722,4.7338596795179795,0.0000500000000000,41.5121015607391328
332,0.2474952184841594,0.8730262518879192,0.8752810167622184,0.7540870974238773,4.6894292826536565,0.8730262518879192,4.6894292826536565,0.0000500000000000,41.8318138576649616
333,0.2456082668937868,0.8716003198186288,0.8780786479443031,0.7568346309266462,4.6923125180085989,0.8716003198186288,4.6923125180085989,0.0000500000000000,42.8385908593802611
334,0.2454589628179184,0.8737380569712391,0.8765117547913821,0.7558844495024626,4.6291195470271349,0.8737380569712391,4.6291195470271349,0.0000500000000000,41.8761689960426651
335,0.2418211103050724,0.8755310131641988,0.8802826443464904,0.7580352166964949,4.6247143843640650,0.8755310131641988,4.6247143843640650,0.0000500000000000,43.0065494007727622
336,0.2465204235190929,0.8753682843271862,0.8813870881941464,0.7591771877154223,4.5911767609858209,0.8753682843271862,4.5911767609858209,0.0000500000000000,43.0196460252215331
337,0.2450569005642220,0.8765051244793874,0.8800079334321150,0.7584007972920115,4.6335720800209588,0.8765051244793874,4.6335720800209588,0.0000500000000000,41.5131215616537830
338,0.2431625060555092,0.8779528528642865,0.8826231355336260,0.7591974798679513,4.6259170242762595,0.8779528528642865,4.6259170242762595,0.0000500000000000,42.4983791844179208
339,0.2457383654390981,0.8759110608243692,0.8812779529554988,0.7599430441418344,4.5981613313352074,0.8759110608243692,4.5981613313352074,0.0000500000000000,41.4519269667427253
340,0.2487183299769840,0.8766563836797279,0.8841117265037589,0.7588042152527683,4.5458019613787766,0.8766563836797279,4.5458019613787766,0.0000500000000000,41.3687111739719455
341,0.2452941074121383,0.8797264653773218,0.8828650915987245,0.7609665853254183,4.5094245678578160,0.8797264653773218,4.5094245678578160,0.0000500000000000,42.7725744449884644
342,0.2433225545965040,0.8812771004717037,0.8843274012566010,0.7584337227702355,4.5323363780177468,0.8812771004717037,4.5323363780177468,0.0000500000000000,42.7690030617532955
343,0.2486299633274925,0.8801139204883984,0.8878530372873493,0.7596091951426431,4.4702123096907647,0.8801139204883984,4.4702123096907647,0.0000500000000000,41.4250433631701611
344,0.2390587861281161,0.8820252862723380,0.8868906864976460,0.7603909032381068,4.4399974416963222,0.8820252862723380,4.4399974416963222,0.0000500000000000,42.8768552845267905
345,0.2404396863571555,0.8816091999818141,0.8875223508575890,0.7594549191322779,4.4726331694510826,0.8816091999818141,4.4726331694510826,0.0000500000000000,41.7217004649141572
346,0.2412907082090538,0.8817679411162960,0.8898713536307478,0.7608712391968090,4.4306402662459607,0.8817679411162960,4.4306402662459607,0.0000500000000000,42.7887427876385971
347,0.2378446329671638,0.8846539066639217,0.8879479834821831,0.7610299494553928,4.4286402662459610,0.8846539066639217,4.4286402662459610,0.0000500000000000,41.5707633375832444
348,0.2365550319055807,0.8848396248352598,0.8890573057379381,0.7610306494553928,4.4266402662459612,0.8848396248352598,4.4266402662459612,0.0000500000000000,41.9366453825775949
349,0.2424851977956509,0.8859221836488097,0.8911673074431428,0.7610313494553927,4.4246402662459605,0.8859221836488097,4.4246402662459605,0.0000500000000000,41.8440623661214701
350,0.2358309399923566,0.8854435114057307,0.8892884329865141,0.7610320494553927,4.4226402662459607,0.8854435114057307,4.4226402662459607,0.0000500000000000,42.8522434697253658
351,0.2398669930324190,0.8831575896529185,0.8892789394252653,0.7610327494553928,4.4206402662459610,0.8831575896529185,4.4206402662459610,0.0000500000000000,42.6185615657072532
352,0.2409332312947573,0.8859786308939888,0.8910530753405056,0.7603168035173324,4.4186402662459612,0.8859786308939888,4.4186402662459612,0.0000500000000000,42.8818790528498326
353,0.2325816788806313,0.8859794308939888,0.8911713074431428,0.7610341494553927,4.4166402662459605,0.8859794308939888,4.4166402662459605,0.0000500000000000,42.4590293429256249
354,0.2378317737265696,0.8859802308939888,0.8899234784617878,0.7592328743684771,4.4146402662459607,0.8859802308939888,4.4146402662459607,0.0000500000000000,42.4684965377920065
355,0.2348955249957742,0.8859810308939888,0.8900988745618122,0.7610355494553928,4.4126402662459610,0.8859810308939888,4.4126402662459610,0.0000500000000000,43.3896291125150384
356,0.2420851626063528,0.8851763679771261,0.8904741942484604,0.7596353351565484,4.4106402662459612,0.8851763679771261,4.4106402662459612,0.0000500000000000,41.8599515563545879
357,0.2405235991668251,0.8859826308939888,0.8911753074431428,0.7602955369814773,4.4086402662459605,0.8859826308939888,4.4086402662459605,0.0000500000000000,42.1822532787709505
358,0.2422008300431949,0.8859834308939888,0.8911763074431427,0.7610376494553928,4.4066402662459607,0.8859834308939888,4.4066402662459607,0.0000500000000000,42.1372621054976477
359,0.2390138990139224,0.8859842308939888,0.8911773074431427,0.7584399428887818,4.4046402662459609,0.8859842308939888,4.4046402662459609,0.0000500000000000,41.9239697087919865
360,0.2315401001838028,0.8859850308939888,0.8911783074431427,0.7602238625679676,4.4026402662459612,0.8859850308939888,4.4026402662459612,0.0000500000000000,42.6751547919459782
361,0.2302162267687546,0.8857257585873222,0.8895286791701058,0.7610397494553928,4.4006402662459605,0.8857257585873222,4.4006402662459605,0.0000500000000000,42.7402260503679159
362,0.2343700006316111,0.8859866308939888,0.8893355640369955,0.7610059495030561,4.3986402662459607,0.8859866308939888,4.3986402662459607,0.0000500000000000,41.8815819681339292
363,0.2286546222433297,0.8859874308939888,0.8899312397190852,0.7594653906486144,4.3966402662459609,0.8859874308939888,4.3966402662459609,0.0000500000000000,43.4717141561962634
364,0.2364117992424759,0.8851646085705401,0.8885785731521422,0.7577808605198295,4.3946402662459612,0.8851646085705401,4.3946402662459612,0.0000500000000000,42.5129211143233690
365,0.2321322280504844,0.8859890308939888,0.8891650647835175,0.7570764068232083,4.3926402662459605,0.8859890308939888,4.3926402662459605,0.0000500000000000,43.3997579189015283
366,0.2357589898765882,0.8843011820895491,0.8911843074431427,0.7579612378346244,4.3906402662459607,0.8843011820895491,4.3906402662459607,0.0000500000000000,42.6716348818292488
367,0.2307663777147739,0.8854136884298668,0.8907329162327684,0.7590047723540966,4.3886402662459609,0.8854136884298668,4.3886402662459609,0.0000500000000000,43.1331090635975229
368,0.2295729540584899,0.8849654849781787,0.8884001006492259,0.7593769024519823,4.3866402662459612,0.8849654849781787,4.3866402662459612,0.0000500000000000,43.5091736711245574
369,0.2340666282856583,0.8857110224677813,0.8863066465429010,0.7585131308772142,4.3846402662459605,0.8857110224677813,4.3846402662459605,0.0000500000000000,42.8808152377840912
370,0.2265154700625184,0.8854496669878033,0.8883469277752133,0.7579975527374622,4.3826402662459607,0.8854496669878033,4.3826402662459607,0.0000500000000000,41.9343865767096702
371,0.2264337812556567,0.8840187804551466,0.8862878457937086,0.7558480384109182,4.3806402662459609,0.8840187804551466,4.3806402662459609,0.0000500000000000,41.6281289453206043
372,0.2270314292193008,0.8838683229164529,0.8868542985336348,0.7546185789721979,4.3786402662459611,0.8838683229164529,4.3786402662459611,0.0000500000000000,42.3862649551634547
373,0.2255304270129155,0.8834306217279118,0.8855470862588198,0.7554424010854122,4.3853226187947820,0.8834306217279118,4.3853226187947820,0.0000500000000000,42.6127977765745527
374,0.2250643181555336,0.8854568895942537,0.8875247118702322,0.7563435510736004,4.3746402662459607,0.8854568895942537,4.3746402662459607,0.0000500000000000,43.1155964821300799
375,0.2282542860678261,0.8831767179791741,0.8848099216652926,0.7541108670013966,4.4191395929079045,0.8831767179791741,4.4191395929079045,0.0000500000000000,41.7008277446734823
376,0.2283795875129257,0.8818809795737437,0.8836675053090383,0.7546696786437985,4.4554083312495374,0.8818809795737437,4.4554083312495374,0.0000500000000000,42.2808960599981702
377,0.2300961439965523,0.8817770457635109,0.8836002795977120,0.7573294561700085,4.4330223380753528,0.8817770457635109,4.4330223380753528,0.0000500000000000,41.7214788443123012
378,0.2300601019809589,0.8816000772883693,0.8843657775215972,0.7566739675840635,4.5082133732177967,0.8816000772883693,4.5082133732177967,0.0000500000000000,42.7797009168678031
379,0.2339590203262437,0.8837754976853901,0.8842718544329663,0.7541220021313935,4.4537011343598820,0.8837754976853901,4.4537011343598820,0.0000500000000000,41.5436739231056293
380,0.2334968940595610,0.8825178407123641,0.8841658080264820,0.7552191736456355,4.4948988951108850,0.8825178407123641,4.4948988951108850,0.0000500000000000,43.0127440649088655
381,0.2244879069890796,0.8810913727328618,0.8863480575221239,0.7536784671529984,4.5019854896228617,0.8810913727328618,4.5019854896228617,0.0000200000000000,41.9210324873658422
382,0.2283454623926211,0.8815350032926156,0.8859633440266970,0.7570349423037531,4.4968652022882303,0.8815350032926156,4.4968652022882303,0.0000200000000000,42.2065724765476133
383,0.2294021427534398,0.8861034308939888,0.8914013074431427,0.7611551494553928,4.3466402662459611,0.8861034308939888,4.3466402662459611,0.0000200000000000,41.9995803334480229
384,0.2240637625423696,0.8820768330617127,0.8868714410199929,0.7548258180786457,4.5143815508765508,0.8820768330617127,4.5143815508765508,0.0000200000000000,42.4492871570775634
385,0.2278368925826262,0.8815063764281853,0.8864339561667733,0.7563141107135979,4.4689992520469719,0.8815063764281853,4.4689992520469719,0.0000200000000000,41.6357115497998507
386,0.2317973343427142,0.8804681829614651,0.8856753396358159,0.7568433940997107,4.5470533839360483,0.8804681829614651,4.5470533839360483,0.0000200000000000,42.0666962486226979
387,0.2261077039731622,0.8818667986576233,0.8858487769594362,0.7553489169796882,4.5427822456906668,0.8818667986576233,4.5427822456906668,0.0000200000000000,42.6374008272364975
388,0.2202817201476870,0.8795959428913430,0.8874411548887428,0.7558639726526305,4.4718743789772040,0.8795959428913430,4.4718743789772040,0.0000200000000000,42.6140745632790612
389,0.2307461250467964,0.8811267078086846,0.8868659239057559,0.7572482914710045,4.5167739288513280,0.8811267078086846,4.5167739288513280,0.0000200000000000,42.4707624998281830
390,0.2187531773418808,0.8801806858720334,0.8878178452506179,0.7558510721956870,4.5309246960635079,0.8801806858720334,4.5309246960635079,0.0000200000000000,41.7434645818694747
391,0.2236625859021423,0.8804989083278910,0.8894169180436208,0.7557077112121687,4.4983186176307468,0.8804989083278910,4.4983186176307468,0.0000200000000000,42.0127277474710539
392,0.2182974701607707,0.8820797267161657,0.8885817682621103,0.7543792029999641,4.5631283488413183,0.8820797267161657,4.5631283488413183,0.0000200000000000,41.5317235437848353
393,0.2193951056481820,0.8791970353895853,0.8893601427572954,0.7560866991605959,4.4990766858544831,0.8791970353895853,4.4990766858544831,0.0000200000000000,41.9429735164451216
394,0.2226480647174355,0.8797547279343580,0.8894583659034714,0.7576653805560467,4.4458857109098728,0.8797547279343580,4.4458857109098728,0.0000200000000000,42.6761937862746237
395,0.2272780630158859,0.8794410276898855,0.8908189545019662,0.7586578577330690,4.4500301887184834,0.8794410276898855,4.4500301887184834,0.0000200000000000,42.6304034961027227
396,0.2188819057306407,0.8828913367024119,0.8907954250902016,0.7559735142909352,4.4567113973204879,0.8828913367024119,4.4567113973204879,0.0000200000000000,41.7950719326798819
397,0.2187051620653144,0.8794898035194856,0.8907718956784368,0.7578506580634294,4.4179160645827764,0.8794898035194856,4.4179160645827764,0.0000200000000000,42.7023205349343726
398,0.2233041377768939,0.8805507878149889,0.8907483662666721,0.7587739134962642,4.4763410619280029,0.8805507878149889,4.4763410619280029,0.0000200000000000,42.2909862231639124
399,0.2166570849925296,0.8808662432956439,0.8907248368549074,0.7574589848260472,4.4183301326027262,0.8808662432956439,4.4183301326027262,0.0000200000000000,41.8140031142832100
400,0.2187658177227668,0.8830985037826811,0.8907013074431427,0.7589511055061469,4.4201444886153567,0.8830985037826811,4.4201444886153567,0.0000200000000000,43.2206969619897663
